[
{
  "model": "zeugnisse.teacher",
  "pk": 1,
  "fields": {
    "password": "pbkdf2_sha256$120000$FiNAKoceXfBq$e25hpxFBBUq+dVz9agQfjE2IW7/aAxhxerlcc0P10ro=",
    "last_login": "2018-09-08T01:15:16.811Z",
    "is_superuser": true,
    "username": "admin",
    "first_name": "Admin",
    "last_name": "Admin",
    "email": "",
    "is_staff": true,
    "is_active": true,
    "date_joined": "2018-09-07T04:26:12Z",
    "groups": [],
    "user_permissions": []
  }
},
{
  "model": "zeugnisse.teacher",
  "pk": 2,
  "fields": {
    "password": "pbkdf2_sha256$120000$OewxhYPnjHf0$+ejpIzlJqTWdEkkZumiyPSVlROXgjU6dXGgEn8IZecA=",
    "last_login": "2018-09-07T07:07:07.009Z",
    "is_superuser": false,
    "username": "willi",
    "first_name": "Willibald",
    "last_name": "Weitwurf",
    "email": "",
    "is_staff": false,
    "is_active": true,
    "date_joined": "2018-09-07T06:40:38Z",
    "groups": [],
    "user_permissions": []
  }
},
{
  "model": "zeugnisse.teacher",
  "pk": 3,
  "fields": {
    "password": "pbkdf2_sha256$120000$7j0WJQO7s9Ls$Axk3cAXd64DsJuRHqVSAW1Dg4VpG+jl7zkRx3sJZ0q0=",
    "last_login": "2018-09-08T05:07:24.285Z",
    "is_superuser": false,
    "username": "betty",
    "first_name": "Bettina",
    "last_name": "Buchdruck",
    "email": "",
    "is_staff": false,
    "is_active": true,
    "date_joined": "2018-09-07T06:41:15Z",
    "groups": [],
    "user_permissions": []
  }
},
{
  "model": "zeugnisse.sch\u00fcler",
  "pk": 1,
  "fields": {
    "name": "M\u00f6hre",
    "vorname": "Marie",
    "klasse": 1
  }
},
{
  "model": "zeugnisse.sch\u00fcler",
  "pk": 2,
  "fields": {
    "name": "Porree",
    "vorname": "Peter",
    "klasse": 2
  }
},
{
  "model": "zeugnisse.sch\u00fcler",
  "pk": 3,
  "fields": {
    "name": "Ananas",
    "vorname": "Arnold",
    "klasse": 1
  }
},
{
  "model": "zeugnisse.sch\u00fcler",
  "pk": 4,
  "fields": {
    "name": "Broccoli",
    "vorname": "Bruno",
    "klasse": 2
  }
},
{
  "model": "zeugnisse.sch\u00fcler",
  "pk": 5,
  "fields": {
    "name": "Curie",
    "vorname": "Marie",
    "klasse": 3
  }
},
{
  "model": "zeugnisse.sch\u00fcler",
  "pk": 6,
  "fields": {
    "name": "Heisenberg",
    "vorname": "Werner",
    "klasse": 3
  }
},
{
  "model": "zeugnisse.sch\u00fcler",
  "pk": 7,
  "fields": {
    "name": "Feige",
    "vorname": "Fabian",
    "klasse": 3
  }
},
{
  "model": "zeugnisse.sch\u00fcler",
  "pk": 8,
  "fields": {
    "name": "Schr\u00f6dinger",
    "vorname": "Erwin",
    "klasse": 3
  }
},
{
  "model": "zeugnisse.sch\u00fcler",
  "pk": 9,
  "fields": {
    "name": "Chandrasekhar",
    "vorname": "Subrahmanyan",
    "klasse": 3
  }
},
{
  "model": "zeugnisse.sch\u00fcler",
  "pk": 10,
  "fields": {
    "name": "Einstein",
    "vorname": "Albert",
    "klasse": 3
  }
},
{
  "model": "zeugnisse.sch\u00fcler",
  "pk": 11,
  "fields": {
    "name": "Wu",
    "vorname": "Chien-Shiung",
    "klasse": 3
  }
},
{
  "model": "zeugnisse.sch\u00fcler",
  "pk": 12,
  "fields": {
    "name": "Noether",
    "vorname": "Emmy",
    "klasse": 3
  }
},
{
  "model": "zeugnisse.sch\u00fcler",
  "pk": 13,
  "fields": {
    "name": "Feynman",
    "vorname": "Richard",
    "klasse": 3
  }
},
{
  "model": "zeugnisse.sch\u00fcler",
  "pk": 14,
  "fields": {
    "name": "Dirac",
    "vorname": "Paul",
    "klasse": 3
  }
},
{
  "model": "zeugnisse.sch\u00fcler",
  "pk": 15,
  "fields": {
    "name": "Tesla",
    "vorname": "Nikola",
    "klasse": 3
  }
},
{
  "model": "zeugnisse.sch\u00fcler",
  "pk": 16,
  "fields": {
    "name": "Pauli",
    "vorname": "Wolfgang",
    "klasse": 3
  }
},
{
  "model": "zeugnisse.sch\u00fcler",
  "pk": 17,
  "fields": {
    "name": "Boltzmann",
    "vorname": "Ludwig",
    "klasse": 3
  }
},
{
  "model": "zeugnisse.sch\u00fcler",
  "pk": 18,
  "fields": {
    "name": "Newton",
    "vorname": "Isaac",
    "klasse": 3
  }
},
{
  "model": "zeugnisse.sch\u00fcler",
  "pk": 19,
  "fields": {
    "name": "Bohr",
    "vorname": "Niels",
    "klasse": 3
  }
},
{
  "model": "zeugnisse.sch\u00fcler",
  "pk": 20,
  "fields": {
    "name": "Gau\u00df",
    "vorname": "Carl Friedrich",
    "klasse": 4
  }
},
{
  "model": "zeugnisse.sch\u00fcler",
  "pk": 21,
  "fields": {
    "name": "Euler",
    "vorname": "Leonhard",
    "klasse": 4
  }
},
{
  "model": "zeugnisse.sch\u00fcler",
  "pk": 22,
  "fields": {
    "name": "Hilbert",
    "vorname": "David",
    "klasse": 4
  }
},
{
  "model": "zeugnisse.sch\u00fcler",
  "pk": 23,
  "fields": {
    "name": "Riemann",
    "vorname": "Bernhard",
    "klasse": 4
  }
},
{
  "model": "zeugnisse.sch\u00fcler",
  "pk": 24,
  "fields": {
    "name": "Cantor",
    "vorname": "Georg",
    "klasse": 4
  }
},
{
  "model": "zeugnisse.sch\u00fcler",
  "pk": 25,
  "fields": {
    "name": "G\u00f6del",
    "vorname": "Kurt",
    "klasse": 4
  }
},
{
  "model": "zeugnisse.sch\u00fcler",
  "pk": 26,
  "fields": {
    "name": "Galois",
    "vorname": "\u00c9variste",
    "klasse": 4
  }
},
{
  "model": "zeugnisse.sch\u00fcler",
  "pk": 27,
  "fields": {
    "name": "Germain",
    "vorname": "Sophie",
    "klasse": 4
  }
},
{
  "model": "zeugnisse.sch\u00fcler",
  "pk": 28,
  "fields": {
    "name": "Cauchy",
    "vorname": "Augustin-Louis",
    "klasse": 4
  }
},
{
  "model": "zeugnisse.sch\u00fcler",
  "pk": 29,
  "fields": {
    "name": "Poincar\u00e9",
    "vorname": "Henri",
    "klasse": 4
  }
},
{
  "model": "zeugnisse.sch\u00fcler",
  "pk": 30,
  "fields": {
    "name": "Erd\u0151s",
    "vorname": "Paul",
    "klasse": 4
  }
},
{
  "model": "zeugnisse.sch\u00fcler",
  "pk": 31,
  "fields": {
    "name": "Fourier",
    "vorname": "Joseph",
    "klasse": 4
  }
},
{
  "model": "zeugnisse.sch\u00fcler",
  "pk": 32,
  "fields": {
    "name": "Tao",
    "vorname": "Terence",
    "klasse": 4
  }
},
{
  "model": "zeugnisse.sch\u00fcler",
  "pk": 33,
  "fields": {
    "name": "Conway",
    "vorname": "John Horton",
    "klasse": 4
  }
},
{
  "model": "zeugnisse.sch\u00fcler",
  "pk": 34,
  "fields": {
    "name": "de Fermat",
    "vorname": "Pierre",
    "klasse": 4
  }
},
{
  "model": "zeugnisse.sch\u00fcler",
  "pk": 35,
  "fields": {
    "name": "Ramanujan",
    "vorname": "Srinivasa",
    "klasse": 4
  }
},
{
  "model": "zeugnisse.sch\u00fcler",
  "pk": 36,
  "fields": {
    "name": "Banach",
    "vorname": "Stefan",
    "klasse": 4
  }
},
{
  "model": "zeugnisse.sch\u00fcler",
  "pk": 37,
  "fields": {
    "name": "Kolmogorov",
    "vorname": "Andrey",
    "klasse": 4
  }
},
{
  "model": "zeugnisse.sch\u00fcler",
  "pk": 38,
  "fields": {
    "name": "Shakespeare",
    "vorname": "William",
    "klasse": 5
  }
},
{
  "model": "zeugnisse.sch\u00fcler",
  "pk": 39,
  "fields": {
    "name": "Tolstoy",
    "vorname": "Leo",
    "klasse": 5
  }
},
{
  "model": "zeugnisse.sch\u00fcler",
  "pk": 40,
  "fields": {
    "name": "Wallace",
    "vorname": "Edgar",
    "klasse": 5
  }
},
{
  "model": "zeugnisse.sch\u00fcler",
  "pk": 41,
  "fields": {
    "name": "Tolkien",
    "vorname": "John Ronald Reuel",
    "klasse": 5
  }
},
{
  "model": "zeugnisse.sch\u00fcler",
  "pk": 42,
  "fields": {
    "name": "Lindgren",
    "vorname": "Astrid",
    "klasse": 5
  }
},
{
  "model": "zeugnisse.sch\u00fcler",
  "pk": 43,
  "fields": {
    "name": "Hesse",
    "vorname": "Hermann",
    "klasse": 5
  }
},
{
  "model": "zeugnisse.sch\u00fcler",
  "pk": 44,
  "fields": {
    "name": "Murakami",
    "vorname": "Haruki",
    "klasse": 5
  }
},
{
  "model": "zeugnisse.sch\u00fcler",
  "pk": 45,
  "fields": {
    "name": "Joyce",
    "vorname": "James",
    "klasse": 5
  }
},
{
  "model": "zeugnisse.sch\u00fcler",
  "pk": 46,
  "fields": {
    "name": "Kerouac",
    "vorname": "Jack",
    "klasse": 5
  }
},
{
  "model": "zeugnisse.sch\u00fcler",
  "pk": 47,
  "fields": {
    "name": "Ginsberg",
    "vorname": "Allen",
    "klasse": 5
  }
},
{
  "model": "zeugnisse.sch\u00fcler",
  "pk": 48,
  "fields": {
    "name": "Foster Wallace",
    "vorname": "David",
    "klasse": 5
  }
},
{
  "model": "zeugnisse.sch\u00fcler",
  "pk": 49,
  "fields": {
    "name": "Dostojewski",
    "vorname": "Fjodor",
    "klasse": 5
  }
},
{
  "model": "zeugnisse.sch\u00fcler",
  "pk": 50,
  "fields": {
    "name": "Cixin",
    "vorname": "Liu",
    "klasse": 5
  }
},
{
  "model": "zeugnisse.sch\u00fcler",
  "pk": 51,
  "fields": {
    "name": "Balzac",
    "vorname": "Honor\u00e9",
    "klasse": 5
  }
},
{
  "model": "zeugnisse.sch\u00fcler",
  "pk": 52,
  "fields": {
    "name": "Dickens",
    "vorname": "Charles",
    "klasse": 5
  }
},
{
  "model": "zeugnisse.sch\u00fcler",
  "pk": 53,
  "fields": {
    "name": "Asimov",
    "vorname": "Isaac",
    "klasse": 5
  }
},
{
  "model": "zeugnisse.sch\u00fcler",
  "pk": 54,
  "fields": {
    "name": "Clark",
    "vorname": "Arthur",
    "klasse": 5
  }
},
{
  "model": "zeugnisse.sch\u00fcler",
  "pk": 55,
  "fields": {
    "name": "Le Guin",
    "vorname": "Ursula",
    "klasse": 5
  }
},
{
  "model": "zeugnisse.sch\u00fcler",
  "pk": 56,
  "fields": {
    "name": "Woolf",
    "vorname": "Virginia",
    "klasse": 5
  }
},
{
  "model": "zeugnisse.fach",
  "pk": 1,
  "fields": {
    "name": "Deutsch",
    "advanced": true
  }
},
{
  "model": "zeugnisse.fach",
  "pk": 2,
  "fields": {
    "name": "Religion",
    "advanced": true
  }
},
{
  "model": "zeugnisse.fach",
  "pk": 3,
  "fields": {
    "name": "Mathematik",
    "advanced": true
  }
},
{
  "model": "zeugnisse.fach",
  "pk": 4,
  "fields": {
    "name": "Franz\u00f6sisch",
    "advanced": true
  }
},
{
  "model": "zeugnisse.fach",
  "pk": 5,
  "fields": {
    "name": "Heimatkunde/Sachkunde",
    "advanced": true
  }
},
{
  "model": "zeugnisse.fach",
  "pk": 6,
  "fields": {
    "name": "Schriftbild",
    "advanced": false
  }
},
{
  "model": "zeugnisse.fach",
  "pk": 7,
  "fields": {
    "name": "Sport",
    "advanced": false
  }
},
{
  "model": "zeugnisse.fach",
  "pk": 8,
  "fields": {
    "name": "Musik",
    "advanced": false
  }
},
{
  "model": "zeugnisse.fach",
  "pk": 9,
  "fields": {
    "name": "Kunst",
    "advanced": false
  }
},
{
  "model": "zeugnisse.fach",
  "pk": 10,
  "fields": {
    "name": "Wissenschaften",
    "advanced": true
  }
},
{
  "model": "zeugnisse.baustein",
  "pk": 1,
  "fields": {
    "name": "Tiere im Wald",
    "jahrgang": 5
  }
},
{
  "model": "zeugnisse.baustein",
  "pk": 2,
  "fields": {
    "name": "Die Alten Griechen",
    "jahrgang": 5
  }
},
{
  "model": "zeugnisse.baustein",
  "pk": 3,
  "fields": {
    "name": "Deutsche Philosophie im 19. Jhdt",
    "jahrgang": 6
  }
},
{
  "model": "zeugnisse.baustein",
  "pk": 4,
  "fields": {
    "name": "Le Petit Prince",
    "jahrgang": 5
  }
},
{
  "model": "zeugnisse.bausteinabschnitt",
  "pk": 1,
  "fields": {
    "baustein": 1,
    "ord_outer": 0
  }
},
{
  "model": "zeugnisse.bausteinabschnitt",
  "pk": 2,
  "fields": {
    "baustein": 1,
    "ord_outer": 1
  }
},
{
  "model": "zeugnisse.bausteinabschnitt",
  "pk": 3,
  "fields": {
    "baustein": 1,
    "ord_outer": 2
  }
},
{
  "model": "zeugnisse.bausteinabschnitt",
  "pk": 4,
  "fields": {
    "baustein": 2,
    "ord_outer": 0
  }
},
{
  "model": "zeugnisse.bausteinabschnitt",
  "pk": 5,
  "fields": {
    "baustein": 2,
    "ord_outer": 1
  }
},
{
  "model": "zeugnisse.bausteinabschnitt",
  "pk": 6,
  "fields": {
    "baustein": 2,
    "ord_outer": 2
  }
},
{
  "model": "zeugnisse.bausteinabschnitt",
  "pk": 7,
  "fields": {
    "baustein": 3,
    "ord_outer": 0
  }
},
{
  "model": "zeugnisse.bausteinabschnitt",
  "pk": 8,
  "fields": {
    "baustein": 3,
    "ord_outer": 1
  }
},
{
  "model": "zeugnisse.bausteinabschnitt",
  "pk": 9,
  "fields": {
    "baustein": 3,
    "ord_outer": 2
  }
},
{
  "model": "zeugnisse.bausteinabschnitt",
  "pk": 10,
  "fields": {
    "baustein": 3,
    "ord_outer": 3
  }
},
{
  "model": "zeugnisse.bausteinabschnitt",
  "pk": 11,
  "fields": {
    "baustein": 4,
    "ord_outer": 0
  }
},
{
  "model": "zeugnisse.bausteinabschnitt",
  "pk": 12,
  "fields": {
    "baustein": 4,
    "ord_outer": 1
  }
},
{
  "model": "zeugnisse.bausteinabschnitt",
  "pk": 13,
  "fields": {
    "baustein": 4,
    "ord_outer": 2
  }
},
{
  "model": "zeugnisse.leistung",
  "pk": 1,
  "fields": {
    "block": 1,
    "kompetenz": 26,
    "max_punkte": 10,
    "ord_inner": 0
  }
},
{
  "model": "zeugnisse.leistung",
  "pk": 2,
  "fields": {
    "block": 1,
    "kompetenz": 8,
    "max_punkte": 10,
    "ord_inner": 1
  }
},
{
  "model": "zeugnisse.leistung",
  "pk": 3,
  "fields": {
    "block": 2,
    "kompetenz": 26,
    "max_punkte": 10,
    "ord_inner": 0
  }
},
{
  "model": "zeugnisse.leistung",
  "pk": 4,
  "fields": {
    "block": 3,
    "kompetenz": 26,
    "max_punkte": 5,
    "ord_inner": 0
  }
},
{
  "model": "zeugnisse.leistung",
  "pk": 5,
  "fields": {
    "block": 3,
    "kompetenz": 8,
    "max_punkte": 8,
    "ord_inner": 1
  }
},
{
  "model": "zeugnisse.leistung",
  "pk": 6,
  "fields": {
    "block": 3,
    "kompetenz": 5,
    "max_punkte": 8,
    "ord_inner": 2
  }
},
{
  "model": "zeugnisse.leistung",
  "pk": 7,
  "fields": {
    "block": 3,
    "kompetenz": 9,
    "max_punkte": 4,
    "ord_inner": 3
  }
},
{
  "model": "zeugnisse.leistung",
  "pk": 8,
  "fields": {
    "block": 4,
    "kompetenz": 12,
    "max_punkte": 10,
    "ord_inner": 0
  }
},
{
  "model": "zeugnisse.leistung",
  "pk": 9,
  "fields": {
    "block": 4,
    "kompetenz": 25,
    "max_punkte": 5,
    "ord_inner": 1
  }
},
{
  "model": "zeugnisse.leistung",
  "pk": 10,
  "fields": {
    "block": 5,
    "kompetenz": 6,
    "max_punkte": 5,
    "ord_inner": 0
  }
},
{
  "model": "zeugnisse.leistung",
  "pk": 11,
  "fields": {
    "block": 5,
    "kompetenz": 25,
    "max_punkte": 10,
    "ord_inner": 1
  }
},
{
  "model": "zeugnisse.leistung",
  "pk": 12,
  "fields": {
    "block": 5,
    "kompetenz": 8,
    "max_punkte": 10,
    "ord_inner": 2
  }
},
{
  "model": "zeugnisse.leistung",
  "pk": 13,
  "fields": {
    "block": 6,
    "kompetenz": 9,
    "max_punkte": 8,
    "ord_inner": 0
  }
},
{
  "model": "zeugnisse.leistung",
  "pk": 14,
  "fields": {
    "block": 6,
    "kompetenz": 24,
    "max_punkte": 3,
    "ord_inner": 1
  }
},
{
  "model": "zeugnisse.leistung",
  "pk": 15,
  "fields": {
    "block": 6,
    "kompetenz": 25,
    "max_punkte": 2,
    "ord_inner": 2
  }
},
{
  "model": "zeugnisse.leistung",
  "pk": 16,
  "fields": {
    "block": 6,
    "kompetenz": 10,
    "max_punkte": 2,
    "ord_inner": 3
  }
},
{
  "model": "zeugnisse.leistung",
  "pk": 17,
  "fields": {
    "block": 7,
    "kompetenz": 6,
    "max_punkte": 10,
    "ord_inner": 0
  }
},
{
  "model": "zeugnisse.leistung",
  "pk": 18,
  "fields": {
    "block": 7,
    "kompetenz": 10,
    "max_punkte": 5,
    "ord_inner": 1
  }
},
{
  "model": "zeugnisse.leistung",
  "pk": 19,
  "fields": {
    "block": 7,
    "kompetenz": 25,
    "max_punkte": 5,
    "ord_inner": 2
  }
},
{
  "model": "zeugnisse.leistung",
  "pk": 20,
  "fields": {
    "block": 7,
    "kompetenz": 2,
    "max_punkte": 5,
    "ord_inner": 3
  }
},
{
  "model": "zeugnisse.leistung",
  "pk": 21,
  "fields": {
    "block": 8,
    "kompetenz": 6,
    "max_punkte": 5,
    "ord_inner": 0
  }
},
{
  "model": "zeugnisse.leistung",
  "pk": 22,
  "fields": {
    "block": 8,
    "kompetenz": 9,
    "max_punkte": 5,
    "ord_inner": 1
  }
},
{
  "model": "zeugnisse.leistung",
  "pk": 23,
  "fields": {
    "block": 8,
    "kompetenz": 25,
    "max_punkte": 5,
    "ord_inner": 2
  }
},
{
  "model": "zeugnisse.leistung",
  "pk": 24,
  "fields": {
    "block": 9,
    "kompetenz": 6,
    "max_punkte": 5,
    "ord_inner": 0
  }
},
{
  "model": "zeugnisse.leistung",
  "pk": 25,
  "fields": {
    "block": 9,
    "kompetenz": 5,
    "max_punkte": 5,
    "ord_inner": 1
  }
},
{
  "model": "zeugnisse.leistung",
  "pk": 26,
  "fields": {
    "block": 9,
    "kompetenz": 8,
    "max_punkte": 5,
    "ord_inner": 2
  }
},
{
  "model": "zeugnisse.leistung",
  "pk": 27,
  "fields": {
    "block": 9,
    "kompetenz": 25,
    "max_punkte": 10,
    "ord_inner": 3
  }
},
{
  "model": "zeugnisse.leistung",
  "pk": 28,
  "fields": {
    "block": 10,
    "kompetenz": 6,
    "max_punkte": 5,
    "ord_inner": 0
  }
},
{
  "model": "zeugnisse.leistung",
  "pk": 29,
  "fields": {
    "block": 10,
    "kompetenz": 8,
    "max_punkte": 5,
    "ord_inner": 1
  }
},
{
  "model": "zeugnisse.leistung",
  "pk": 30,
  "fields": {
    "block": 10,
    "kompetenz": 3,
    "max_punkte": 5,
    "ord_inner": 2
  }
},
{
  "model": "zeugnisse.leistung",
  "pk": 31,
  "fields": {
    "block": 10,
    "kompetenz": 25,
    "max_punkte": 5,
    "ord_inner": 3
  }
},
{
  "model": "zeugnisse.leistung",
  "pk": 32,
  "fields": {
    "block": 11,
    "kompetenz": 18,
    "max_punkte": 15,
    "ord_inner": 0
  }
},
{
  "model": "zeugnisse.leistung",
  "pk": 33,
  "fields": {
    "block": 11,
    "kompetenz": 19,
    "max_punkte": 10,
    "ord_inner": 1
  }
},
{
  "model": "zeugnisse.leistung",
  "pk": 34,
  "fields": {
    "block": 12,
    "kompetenz": 18,
    "max_punkte": 10,
    "ord_inner": 0
  }
},
{
  "model": "zeugnisse.leistung",
  "pk": 35,
  "fields": {
    "block": 12,
    "kompetenz": 19,
    "max_punkte": 15,
    "ord_inner": 1
  }
},
{
  "model": "zeugnisse.leistung",
  "pk": 36,
  "fields": {
    "block": 13,
    "kompetenz": 16,
    "max_punkte": 10,
    "ord_inner": 0
  }
},
{
  "model": "zeugnisse.kompetenz",
  "pk": 1,
  "fields": {
    "beschreibung": "Mitarbeit",
    "fach": 2
  }
},
{
  "model": "zeugnisse.kompetenz",
  "pk": 2,
  "fields": {
    "beschreibung": "Wissen",
    "fach": 2
  }
},
{
  "model": "zeugnisse.kompetenz",
  "pk": 3,
  "fields": {
    "beschreibung": "Sozialverhalten",
    "fach": 2
  }
},
{
  "model": "zeugnisse.kompetenz",
  "pk": 4,
  "fields": {
    "beschreibung": "Heft",
    "fach": 2
  }
},
{
  "model": "zeugnisse.kompetenz",
  "pk": 5,
  "fields": {
    "beschreibung": "Sprechen",
    "fach": 1
  }
},
{
  "model": "zeugnisse.kompetenz",
  "pk": 6,
  "fields": {
    "beschreibung": "Lesen",
    "fach": 1
  }
},
{
  "model": "zeugnisse.kompetenz",
  "pk": 7,
  "fields": {
    "beschreibung": "Schreiben",
    "fach": 1
  }
},
{
  "model": "zeugnisse.kompetenz",
  "pk": 8,
  "fields": {
    "beschreibung": "Umgang mit Texten und Medien",
    "fach": 1
  }
},
{
  "model": "zeugnisse.kompetenz",
  "pk": 9,
  "fields": {
    "beschreibung": "Ausdrucksvolles Lesen",
    "fach": 1
  }
},
{
  "model": "zeugnisse.kompetenz",
  "pk": 10,
  "fields": {
    "beschreibung": "\u00dcber Sprache reflektieren",
    "fach": 1
  }
},
{
  "model": "zeugnisse.kompetenz",
  "pk": 11,
  "fields": {
    "beschreibung": "Arithmetik / Algebra",
    "fach": 3
  }
},
{
  "model": "zeugnisse.kompetenz",
  "pk": 12,
  "fields": {
    "beschreibung": "Geometrie",
    "fach": 3
  }
},
{
  "model": "zeugnisse.kompetenz",
  "pk": 13,
  "fields": {
    "beschreibung": "Gr\u00f6\u00dfen und Messen",
    "fach": 3
  }
},
{
  "model": "zeugnisse.kompetenz",
  "pk": 14,
  "fields": {
    "beschreibung": "Stochastik",
    "fach": 3
  }
},
{
  "model": "zeugnisse.kompetenz",
  "pk": 15,
  "fields": {
    "beschreibung": "Zuh\u00f6ren, verstehen, sprechen",
    "fach": 4
  }
},
{
  "model": "zeugnisse.kompetenz",
  "pk": 16,
  "fields": {
    "beschreibung": "Zuh\u00f6ren und verstehen",
    "fach": 4
  }
},
{
  "model": "zeugnisse.kompetenz",
  "pk": 17,
  "fields": {
    "beschreibung": "Sprechen",
    "fach": 4
  }
},
{
  "model": "zeugnisse.kompetenz",
  "pk": 18,
  "fields": {
    "beschreibung": "Lesen und verstehen",
    "fach": 4
  }
},
{
  "model": "zeugnisse.kompetenz",
  "pk": 19,
  "fields": {
    "beschreibung": "Schreiben",
    "fach": 4
  }
},
{
  "model": "zeugnisse.kompetenz",
  "pk": 20,
  "fields": {
    "beschreibung": "Naturwissenschaften, Geografie, Geschichte",
    "fach": 5
  }
},
{
  "model": "zeugnisse.kompetenz",
  "pk": 21,
  "fields": {
    "beschreibung": "Heftgestaltung",
    "fach": 5
  }
},
{
  "model": "zeugnisse.kompetenz",
  "pk": 22,
  "fields": {
    "beschreibung": "Mitarbeit",
    "fach": 5
  }
},
{
  "model": "zeugnisse.kompetenz",
  "pk": 23,
  "fields": {
    "beschreibung": "Zuh\u00f6ren",
    "fach": 1
  }
},
{
  "model": "zeugnisse.kompetenz",
  "pk": 24,
  "fields": {
    "beschreibung": "Geografie",
    "fach": 10
  }
},
{
  "model": "zeugnisse.kompetenz",
  "pk": 25,
  "fields": {
    "beschreibung": "Geschichte",
    "fach": 10
  }
},
{
  "model": "zeugnisse.kompetenz",
  "pk": 26,
  "fields": {
    "beschreibung": "Naturwissenschaften und Technik",
    "fach": 10
  }
},
{
  "model": "zeugnisse.kompetenz",
  "pk": 27,
  "fields": {
    "beschreibung": "Geometrie, Gr\u00f6\u00dfen und Messen",
    "fach": 3
  }
},
{
  "model": "zeugnisse.leistungsblock",
  "pk": 1,
  "fields": {
    "name": "Recherche"
  }
},
{
  "model": "zeugnisse.leistungsblock",
  "pk": 2,
  "fields": {
    "name": "Tierquiz"
  }
},
{
  "model": "zeugnisse.leistungsblock",
  "pk": 3,
  "fields": {
    "name": "Referat"
  }
},
{
  "model": "zeugnisse.leistungsblock",
  "pk": 4,
  "fields": {
    "name": "Der Satz des Pythagoras"
  }
},
{
  "model": "zeugnisse.leistungsblock",
  "pk": 5,
  "fields": {
    "name": "Die Ilias"
  }
},
{
  "model": "zeugnisse.leistungsblock",
  "pk": 6,
  "fields": {
    "name": "Jason und die Argonauten"
  }
},
{
  "model": "zeugnisse.leistungsblock",
  "pk": 7,
  "fields": {
    "name": "Hegels dialektischer Idealismus"
  }
},
{
  "model": "zeugnisse.leistungsblock",
  "pk": 8,
  "fields": {
    "name": "Schopenhauer: Die Welt als Wille"
  }
},
{
  "model": "zeugnisse.leistungsblock",
  "pk": 9,
  "fields": {
    "name": "Marx: Die Klassenlose Gesellschaft"
  }
},
{
  "model": "zeugnisse.leistungsblock",
  "pk": 10,
  "fields": {
    "name": "Nietzsche: Der Wille zur Macht"
  }
},
{
  "model": "zeugnisse.leistungsblock",
  "pk": 11,
  "fields": {
    "name": "Plakat"
  }
},
{
  "model": "zeugnisse.leistungsblock",
  "pk": 12,
  "fields": {
    "name": "Aufsatz"
  }
},
{
  "model": "zeugnisse.leistungsblock",
  "pk": 13,
  "fields": {
    "name": "H\u00f6rversteh-\u00dcbung"
  }
},
{
  "model": "zeugnisse.zeugnisvorlage",
  "pk": 1,
  "fields": {
    "stufe": 1
  }
},
{
  "model": "zeugnisse.zeugnisvorlage",
  "pk": 2,
  "fields": {
    "stufe": 4
  }
},
{
  "model": "zeugnisse.zeugnisvorlage",
  "pk": 3,
  "fields": {
    "stufe": 2
  }
},
{
  "model": "zeugnisse.zeugnisvorlage",
  "pk": 4,
  "fields": {
    "stufe": 3
  }
},
{
  "model": "zeugnisse.zeugnisabschnitt",
  "pk": 1,
  "fields": {
    "vorlage": 1,
    "fach": 2,
    "ord_outer": 0
  }
},
{
  "model": "zeugnisse.zeugnisabschnitt",
  "pk": 2,
  "fields": {
    "vorlage": 1,
    "fach": 1,
    "ord_outer": 1
  }
},
{
  "model": "zeugnisse.zeugnisabschnitt",
  "pk": 3,
  "fields": {
    "vorlage": 1,
    "fach": 3,
    "ord_outer": 2
  }
},
{
  "model": "zeugnisse.zeugnisabschnitt",
  "pk": 4,
  "fields": {
    "vorlage": 1,
    "fach": 4,
    "ord_outer": 3
  }
},
{
  "model": "zeugnisse.zeugnisabschnitt",
  "pk": 5,
  "fields": {
    "vorlage": 1,
    "fach": 5,
    "ord_outer": 4
  }
},
{
  "model": "zeugnisse.zeugnisabschnitt",
  "pk": 6,
  "fields": {
    "vorlage": 1,
    "fach": 6,
    "ord_outer": 5
  }
},
{
  "model": "zeugnisse.zeugnisabschnitt",
  "pk": 7,
  "fields": {
    "vorlage": 1,
    "fach": 7,
    "ord_outer": 6
  }
},
{
  "model": "zeugnisse.zeugnisabschnitt",
  "pk": 8,
  "fields": {
    "vorlage": 1,
    "fach": 8,
    "ord_outer": 7
  }
},
{
  "model": "zeugnisse.zeugnisabschnitt",
  "pk": 9,
  "fields": {
    "vorlage": 1,
    "fach": 9,
    "ord_outer": 8
  }
},
{
  "model": "zeugnisse.zeugnisabschnitt",
  "pk": 10,
  "fields": {
    "vorlage": 2,
    "fach": 2,
    "ord_outer": 0
  }
},
{
  "model": "zeugnisse.zeugnisabschnitt",
  "pk": 11,
  "fields": {
    "vorlage": 2,
    "fach": 1,
    "ord_outer": 1
  }
},
{
  "model": "zeugnisse.zeugnisabschnitt",
  "pk": 12,
  "fields": {
    "vorlage": 2,
    "fach": 3,
    "ord_outer": 2
  }
},
{
  "model": "zeugnisse.zeugnisabschnitt",
  "pk": 13,
  "fields": {
    "vorlage": 2,
    "fach": 4,
    "ord_outer": 3
  }
},
{
  "model": "zeugnisse.zeugnisabschnitt",
  "pk": 14,
  "fields": {
    "vorlage": 2,
    "fach": 10,
    "ord_outer": 4
  }
},
{
  "model": "zeugnisse.zeugnisabschnitt",
  "pk": 15,
  "fields": {
    "vorlage": 2,
    "fach": 7,
    "ord_outer": 5
  }
},
{
  "model": "zeugnisse.zeugnisabschnitt",
  "pk": 16,
  "fields": {
    "vorlage": 2,
    "fach": 8,
    "ord_outer": 6
  }
},
{
  "model": "zeugnisse.zeugnisabschnitt",
  "pk": 17,
  "fields": {
    "vorlage": 2,
    "fach": 9,
    "ord_outer": 7
  }
},
{
  "model": "zeugnisse.zeugnisabschnitt",
  "pk": 18,
  "fields": {
    "vorlage": 3,
    "fach": 2,
    "ord_outer": 0
  }
},
{
  "model": "zeugnisse.zeugnisabschnitt",
  "pk": 19,
  "fields": {
    "vorlage": 3,
    "fach": 1,
    "ord_outer": 1
  }
},
{
  "model": "zeugnisse.zeugnisabschnitt",
  "pk": 20,
  "fields": {
    "vorlage": 3,
    "fach": 3,
    "ord_outer": 2
  }
},
{
  "model": "zeugnisse.zeugnisabschnitt",
  "pk": 21,
  "fields": {
    "vorlage": 3,
    "fach": 4,
    "ord_outer": 3
  }
},
{
  "model": "zeugnisse.zeugnisabschnitt",
  "pk": 22,
  "fields": {
    "vorlage": 3,
    "fach": 5,
    "ord_outer": 4
  }
},
{
  "model": "zeugnisse.zeugnisabschnitt",
  "pk": 23,
  "fields": {
    "vorlage": 3,
    "fach": 6,
    "ord_outer": 5
  }
},
{
  "model": "zeugnisse.zeugnisabschnitt",
  "pk": 24,
  "fields": {
    "vorlage": 3,
    "fach": 7,
    "ord_outer": 6
  }
},
{
  "model": "zeugnisse.zeugnisabschnitt",
  "pk": 25,
  "fields": {
    "vorlage": 3,
    "fach": 8,
    "ord_outer": 7
  }
},
{
  "model": "zeugnisse.zeugnisabschnitt",
  "pk": 26,
  "fields": {
    "vorlage": 3,
    "fach": 9,
    "ord_outer": 8
  }
},
{
  "model": "zeugnisse.zeugnisabschnitt",
  "pk": 27,
  "fields": {
    "vorlage": 4,
    "fach": 2,
    "ord_outer": 0
  }
},
{
  "model": "zeugnisse.zeugnisabschnitt",
  "pk": 28,
  "fields": {
    "vorlage": 4,
    "fach": 1,
    "ord_outer": 1
  }
},
{
  "model": "zeugnisse.zeugnisabschnitt",
  "pk": 29,
  "fields": {
    "vorlage": 4,
    "fach": 3,
    "ord_outer": 2
  }
},
{
  "model": "zeugnisse.zeugnisabschnitt",
  "pk": 30,
  "fields": {
    "vorlage": 4,
    "fach": 4,
    "ord_outer": 3
  }
},
{
  "model": "zeugnisse.zeugnisabschnitt",
  "pk": 31,
  "fields": {
    "vorlage": 4,
    "fach": 5,
    "ord_outer": 4
  }
},
{
  "model": "zeugnisse.zeugnisabschnitt",
  "pk": 32,
  "fields": {
    "vorlage": 4,
    "fach": 7,
    "ord_outer": 5
  }
},
{
  "model": "zeugnisse.zeugnisabschnitt",
  "pk": 33,
  "fields": {
    "vorlage": 4,
    "fach": 8,
    "ord_outer": 6
  }
},
{
  "model": "zeugnisse.zeugnisabschnitt",
  "pk": 34,
  "fields": {
    "vorlage": 4,
    "fach": 9,
    "ord_outer": 7
  }
},
{
  "model": "zeugnisse.klasse",
  "pk": 1,
  "fields": {
    "name": "A",
    "jahrgang": 1,
    "klassenlehrer": [
      "betty"
    ]
  }
},
{
  "model": "zeugnisse.klasse",
  "pk": 2,
  "fields": {
    "name": "B",
    "jahrgang": 1,
    "klassenlehrer": [
      "willi"
    ]
  }
},
{
  "model": "zeugnisse.klasse",
  "pk": 3,
  "fields": {
    "name": "A",
    "jahrgang": 5,
    "klassenlehrer": [
      "willi"
    ]
  }
},
{
  "model": "zeugnisse.klasse",
  "pk": 4,
  "fields": {
    "name": "B",
    "jahrgang": 5,
    "klassenlehrer": [
      "willi"
    ]
  }
},
{
  "model": "zeugnisse.klasse",
  "pk": 5,
  "fields": {
    "name": "C",
    "jahrgang": 5,
    "klassenlehrer": [
      "betty"
    ]
  }
}
]
